時間,timeStep,TSPS,cube0PosX,cube0PosY,cube0PosZ,cube0RotX,cube0RotY,cube0RotZ,cube0VelX,cube0VelY,cube0VelZ,cube0AngVelX,cube0AngVelY,cube0AngVelZ,cube0Density,cube0Mass,cube0HWD,cube0SF,cube0DF,cube0CR,cube1PosX,cube1PosY,cube1PosZ,cube1RotX,cube1RotY,cube1RotZ,cube1VelX,cube1VelY,cube1VelZ,cube1AngVelX,cube1AngVelY,cube1AngVelZ,cube1Density,cube1Mass,cube1HWD,cube1SF,cube1DF,cube1CR,cube2PosX,cube2PosY,cube2PosZ,cube2RotX,cube2RotY,cube2RotZ,cube2VelX,cube2VelY,cube2VelZ,cube2AngVelX,cube2AngVelY,cube2AngVelZ,cube2Density,cube2Mass,cube2HWD,cube2SF,cube2DF,cube2CR,,並進バネ,並進ダンパ,回転バネ,回転ダンパ,floorDF,floorSF,floorCR,
0.142903,0.142903,6.99775,-2,0.3,-4.79629e-09,0,0,0,0.0559568,0.00323297,-0.00521548,0.00532898,-0.0179387,-0.0443205,500,62.5,0.5,100,100,0,2,0.3,5.05512e-09,0,0,0,-0.0543619,0.0015229,0.00323218,-0.0207581,0.0398248,-0.0826983,500,62.5,0.5,100,100,0,2.57563e-08,0.5,-2.16225e-10,0,0,0,7.36955e-06,-7.36138e-06,1.99473e-08,2.96692e-08,4.81865e-10,-1.47257e-05,1000,1000,1,100,100,0,,200000,1000,100000,100,0,0,0,
0.175752,0.032849,30.4423,-1.99943,0.299608,-6.86762e-05,-0.00276759,-0.011003,-0.0645241,0.0462615,-0.030891,-0.00555605,-0.0026479,-0.0156762,-0.0895545,500,62.5,0.5,100,100,0,1.99948,0.29957,3.53686e-05,-0.011484,0.0241851,-0.0152634,-0.0422755,-0.0337695,0.00313771,-0.0177123,0.0296431,-0.0187762,500,62.5,0.5,100,100,0,1.4354e-07,0.5,2.21502e-08,-6.05901e-07,1.47129e-06,3.87509e-05,-0.000153536,-2.60914e-05,9.62411e-05,7.08831e-05,-2.06814e-06,7.87543e-05,1000,1000,1,100,100,0,,200000,1000,100000,100,0,0,0,
0.201605,0.025853,38.6802,-1.99925,0.298987,-7.92209e-05,0.00161914,0.00230101,-0.018899,0.0221119,-0.0495761,-0.00255585,0.00387899,0.00944443,0.0597391,500,62.5,0.5,100,100,0,1.99931,0.299,6.83135e-05,0.00372825,-0.0107591,0.0439798,-0.0196897,-0.0506117,0.00200661,0.0209176,-0.0402488,0.0594882,500,62.5,0.5,100,100,0,1.63898e-07,0.5,1.23524e-08,8.25519e-07,6.75685e-08,4.77375e-05,-0.000163268,-2.77433e-05,9.97906e-05,7.27494e-05,-2.27848e-06,8.3553e-05,1000,1000,1,100,100,0,,200000,1000,100000,100,0,0,0,
0.229061,0.027456,36.4219,-1.99931,0.298445,-7.46087e-05,0.00148132,0.00457001,-0.0216825,0.00593183,-0.0651035,-0.00195401,-0.000758534,-0.00162756,0.0311947,500,62.5,0.5,100,100,0,1.99935,0.298419,6.06939e-05,0.0109957,-0.00999925,0.0549346,-0.00635142,-0.0718823,0.000244445,0.0108763,-0.0040072,-0.020841,500,62.5,0.5,100,100,0,7.85142e-08,0.5,-9.50209e-09,2.50914e-06,2.48072e-06,5.74624e-05,-0.000165893,-2.83428e-05,9.95421e-05,7.14413e-05,-2.37886e-06,8.38816e-05,1000,1000,1,100,100,0,,200000,1000,100000,100,0,0,0,
0.255418,0.026357,37.9406,-1.99948,0.297793,-6.88827e-05,-0.00441196,-0.00451841,-0.0285194,-0.0111687,-0.0449682,0.000528431,-0.00912042,-0.0157439,-0.00475245,500,62.5,0.5,100,100,0,1.99954,0.297766,3.05565e-05,-0.0106554,0.0105027,-0.0248683,0.0129345,-0.04387,-0.00249264,-0.030321,0.0288074,-0.111069,500,62.5,0.5,100,100,0,1.42135e-07,0.5,1.12327e-08,-1.7825e-06,-9.8354e-07,4.13616e-05,-0.000163026,-2.77831e-05,0.000101537,7.27878e-05,-2.20064e-06,8.30916e-05,1000,1000,1,100,100,0,,200000,1000,100000,100,0,0,0,
0.28053,0.025112,39.8216,-1.99974,0.297722,-3.99608e-05,0.000180035,-0.00128881,-0.0383125,-0.0214355,-0.006111,0.00203293,0.00262285,0.000980336,0.00810038,500,62.5,0.5,100,100,0,1.9998,0.297742,4.21073e-06,-0.00142327,0.00283851,0.0371147,0.0222961,-0.00557166,-0.00393329,0.0095985,0.00271684,0.030796,500,62.5,0.5,100,100,0,5.90065e-08,0.5,1.65091e-08,-3.18423e-06,-4.4553e-07,5.38773e-05,-0.00016547,-2.8363e-05,0.000100562,7.13248e-05,-2.32571e-06,8.32396e-05,1000,1000,1,100,100,0,,200000,1000,100000,100,0,0,0,
0.306741,0.026211,38.1519,-2.00001,0.297967,-8.69512e-06,0.00108168,0.00184454,-0.0442953,-0.0261062,0.00598631,0.00323177,0.00434641,0.00780091,-0.0057468,500,62.5,0.5,100,100,0,2.00005,0.297998,-2.78084e-05,0.00709833,0.000242918,0.0454853,0.0242139,0.0199529,-0.00418309,0.0110265,0.0055227,-0.0134121,500,62.5,0.5,100,100,0,1.67255e-07,0.5,3.67809e-08,1.1693e-05,2.75505e-06,4.91438e-05,-0.000162444,-2.75783e-05,0.000101523,7.32719e-05,-2.17563e-06,8.34088e-05,1000,1000,1,100,100,0,,200000,1000,100000,100,0,0,0,
0.332497,0.025756,38.8259,-2.00021,0.29821,2.10852e-05,0.001025,0.00318491,-0.0385712,-0.0239311,0.0111195,0.00370762,0.00347668,0.00772836,-0.00469135,500,62.5,0.5,100,100,0,2.00023,0.29835,-5.38203e-05,9.98415e-06,0.00318547,0.0264411,0.021088,0.031203,-0.00375202,-0.0100752,0.0122597,-0.0330206,500,62.5,0.5,100,100,0,9.68947e-08,0.5,-2.65891e-08,-2.31116e-06,1.39442e-06,4.38206e-05,-0.000166568,-2.69374e-05,9.85859e-05,7.70478e-05,-2.46514e-06,8.80781e-05,1000,1000,1,100,100,0,,200000,1000,100000,100,0,0,0,
0.355083,0.022586,44.2752,-2.00033,0.298423,4.26297e-05,0.000683702,0.00178188,-0.0425534,-0.0191143,0.0119724,0.00340516,0.00345606,0.00551826,-0.0266432,500,62.5,0.5,100,100,0,2.00032,0.298687,-6.58081e-05,-0.00243537,0.00271436,0.0360946,0.0155116,0.0331086,-0.00282227,-0.00651218,0.00880536,0.015443,500,62.5,0.5,100,100,0,1.13768e-07,0.5,-4.49639e-08,1.22328e-06,9.4418e-07,5.1253e-05,-0.000164187,-2.64836e-05,0.000100184,7.77205e-05,-2.31657e-06,8.71935e-05,1000,1000,1,100,100,0,,200000,1000,100000,100,0,0,0,
0.375102,0.020019,49.9525,-2.00037,0.298569,5.53787e-05,0.000995918,0.00178337,-0.0452788,-0.0133044,0.0098641,0.00273695,0.00457676,0.0071992,-0.0337546,500,62.5,0.5,100,100,0,2.00034,0.298921,-6.59432e-05,0.0011282,0.00150031,0.0429439,0.00927545,0.0287828,-0.00167504,0.000808632,0.0062567,0.0300058,500,62.5,0.5,100,100,0,1.05813e-07,0.5,3.24605e-08,-6.92695e-06,1.34061e-06,3.94306e-05,-0.000163552,-2.82643e-05,0.000103666,7.12497e-05,-2.13989e-06,8.1278e-05,1000,1000,1,100,100,0,,200000,1000,100000,100,0,0,0,
0.400124,0.025022,39.9648,-2.00035,0.298647,5.86796e-05,0.00122196,0.00197637,-0.0435468,-0.00803282,0.00637767,0.00195012,0.0044808,0.00726963,-0.0317104,500,62.5,0.5,100,100,0,2.0003,0.299036,-5.74745e-05,0.000718187,0.00123275,0.0390997,0.00386473,0.0212337,-0.000630346,-0.00410169,0.00548451,0.0263543,500,62.5,0.5,100,100,0,1.96675e-08,0.5,8.64178e-09,-2.71662e-06,2.80001e-06,4.7633e-05,-0.000164992,-2.96063e-05,9.8616e-05,6.64341e-05,-2.35966e-06,8.04521e-05,1000,1000,1,100,100,0,,200000,1000,100000,100,0,0,0,
0.419256,0.019132,52.2685,-2.0003,0.298675,5.45676e-05,0.00100302,0.00151933,-0.0425366,-0.00399362,0.00321385,0.00121029,0.00353362,0.00573677,-0.0314271,500,62.5,0.5,100,100,0,2.00023,0.29906,-4.34145e-05,-0.00100423,0.000871351,0.0384537,-3.2094e-05,0.0137545,0.000156819,-0.0059658,0.00393879,0.0305959,500,62.5,0.5,100,100,0,1.11697e-07,0.5,3.57167e-09,-9.97973e-06,3.83585e-07,3.49493e-05,-0.000162612,-2.63104e-05,0.000100707,7.79623e-05,-2.23874e-06,8.65669e-05,1000,1000,1,100,100,0,,200000,1000,100000,100,0,0,0,
0.438424,0.019168,52.1703,-2.00024,0.298669,4.61328e-05,0.000811735,0.00109838,-0.0418977,-0.00125663,0.000614229,0.0005939,0.00308155,0.00473326,-0.0287627,500,62.5,0.5,100,100,0,2.00016,0.299017,-2.8087e-05,-0.000268237,0.000454933,0.0382458,-0.00215066,0.0072682,0.000596295,-0.00233888,0.00239482,0.0284169,500,62.5,0.5,100,100,0,9.20896e-08,0.5,1.2833e-08,-6.01952e-06,-2.3897e-08,4.26417e-05,-0.000164374,-2.73419e-05,0.000100899,7.45497e-05,-2.28409e-06,8.4934e-05,1000,1000,1,100,100,0,,200000,1000,100000,100,0,0,0,
0.461375,0.022951,43.5711,-2.00017,0.298646,3.57946e-05,0.000795617,0.000913454,-0.0405061,0.000496531,-0.00107044,0.000142249,0.00275928,0.00378528,-0.0235549,500,62.5,0.5,100,100,0,2.00009,0.298937,-1.44821e-05,0.000521976,0.000198617,0.0359931,-0.00300543,0.00262878,0.000756617,-0.00137422,0.00139363,0.0204395,500,62.5,0.5,100,100,0,1.10159e-07,0.5,8.17204e-09,-1.36762e-05,2.27962e-06,3.11337e-05,-0.000163055,-2.63382e-05,0.000100487,7.80999e-05,-2.27675e-06,8.61963e-05,1000,1000,1,100,100,0,,200000,1000,100000,100,0,0,0,
0.4896,0.028225,35.4296,-2.00011,0.298617,2.50915e-05,0.0006625,0.000617228,-0.0392073,0.00147639,-0.00188098,-0.000160388,0.00209309,0.00258545,-0.0189875,500,62.5,0.5,100,100,0,2.00004,0.298848,-3.88939e-06,0.000224676,8.15986e-05,0.034286,-0.00308009,-0.000304081,0.000734182,-0.00207611,0.000685819,0.0140806,500,62.5,0.5,100,100,0,3.48459e-08,0.5,4.08756e-08,3.25422e-06,1.87432e-06,5.65069e-05,-0.000163739,-2.8905e-05,0.000100869,6.8508e-05,-2.24448e-06,8.02503e-05,1000,1000,1,100,100,0,,200000,1000,100000,100,0,0,0,
0.51662,0.02702,37.0096,-2.00006,0.298591,1.54148e-05,0.000476306,0.000384453,-0.0384838,0.00174785,-0.0020584,-0.00032936,0.00154098,0.00181095,-0.0156461,500,62.5,0.5,100,100,0,2,0.298763,3.20688e-06,0.000226989,-4.25109e-05,0.0329621,-0.00274755,-0.00186058,0.000591871,-0.00116732,8.71224e-05,0.00839933,500,62.5,0.5,100,100,0,5.06155e-08,0.5,2.10792e-08,-3.72043e-06,1.37916e-06,4.4252e-05,-0.000163922,-2.78246e-05,9.96608e-05,7.27887e-05,-2.30535e-06,8.39827e-05,1000,1000,1,100,100,0,,200000,1000,100000,100,0,0,0,
0.539571,0.022951,43.5711,-2.00003,0.298573,7.69896e-06,0.000378363,0.000317663,-0.0379055,0.00148576,-0.00179707,-0.000368833,0.00127128,0.00132834,-0.0125132,500,62.5,0.5,100,100,0,1.99998,0.298695,6.76399e-06,0.000643014,-8.71194e-05,0.0322199,-0.00204642,-0.00222907,0.000382954,-7.85929e-05,-0.000120294,0.00402325,500,62.5,0.5,100,100,0,1.56433e-07,0.5,1.695e-08,-1.1309e-05,-6.49564e-08,3.1831e-05,-0.000162845,-2.63323e-05,0.000100881,7.79668e-05,-2.23564e-06,8.68759e-05,1000,1000,1,100,100,0,,200000,1000,100000,100,0,0,0,
0.561761,0.02219,45.0653,-2.00001,0.298563,2.23438e-06,0.00036013,0.000234038,-0.0373047,0.001025,-0.00122791,-0.000331874,0.00107951,0.000734408,-0.00996516,500,62.5,0.5,100,100,0,1.99997,0.298647,7.42876e-06,0.000778738,-7.38264e-05,0.0315669,-0.00122584,-0.00182225,0.000171539,-2.21824e-05,-0.000160946,0.00062313,500,62.5,0.5,100,100,0,1.93473e-08,0.5,5.25468e-08,1.90427e-05,4.09557e-06,7.42606e-05,-0.000164565,-2.92105e-05,0.000100896,6.76752e-05,-2.27679e-06,7.97126e-05,1000,1000,1,100,100,0,,200000,1000,100000,100,0,0,0,
0.58556,0.023799,42.0186,-2,0.298561,-1.17143e-06,0.000280103,0.000124639,-0.0370478,0.000504988,-0.000658948,-0.00025669,0.000772362,0.000492312,-0.00888486,500,62.5,0.5,100,100,0,1.99997,0.298617,6.23119e-06,0.000710174,-2.52217e-05,0.0313404,-0.000527347,-0.00112864,-3.4755e-06,-0.00010202,-4.47701e-05,-0.00098957,500,62.5,0.5,100,100,0,9.60506e-08,0.5,-2.78789e-08,-4.05837e-06,-2.51899e-07,4.62024e-05,-0.000164901,-2.75807e-05,9.79102e-05,7.41944e-05,-2.39917e-06,8.66429e-05,1000,1000,1,100,100,0,,200000,1000,100000,100,0,0,0,
0.608556,0.022996,43.4858,-2,0.298564,-2.83888e-06,0.000210045,0.000183036,-0.0369517,0.000111361,-0.000181313,-0.000173522,0.000618529,0.000577365,-0.00816569,500,62.5,0.5,100,100,0,1.99998,0.298603,4.07173e-06,0.00076192,1.52294e-05,0.0313905,-4.11142e-05,-0.000395491,-0.000119708,0.000141918,2.91256e-05,-0.00167276,500,62.5,0.5,100,100,0,1.27373e-07,0.5,-6.06288e-08,-1.07621e-05,3.03823e-06,3.37664e-05,-0.000164032,-2.65535e-05,9.95423e-05,7.73605e-05,-2.33209e-06,8.71262e-05,1000,1000,1,100,100,0,,200000,1000,100000,100,0,0,0,
0.628854,0.020298,49.2659,-2,0.29857,-3.34192e-06,0.000206166,0.000205379,-0.0368215,-0.000167019,8.74474e-05,-8.99879e-05,0.000579249,0.000574514,-0.00775114,500,62.5,0.5,100,100,0,1.99998,0.298599,1.747e-06,0.000828621,-9.4666e-06,0.0312975,0.000231106,0.000220788,-0.000176509,0.000209521,4.45858e-05,-0.00186793,500,62.5,0.5,100,100,0,4.53143e-08,0.5,2.24264e-09,2.17887e-06,-1.50578e-07,6.21724e-05,-0.000163897,-2.83618e-05,0.00010249,7.07229e-05,-2.20278e-06,8.11265e-05,1000,1000,1,100,100,0,,200000,1000,100000,100,0,0,0,
0.650821,0.021967,45.5228,-2,0.298576,-3.04992e-06,0.000202047,0.000226808,-0.0367651,-0.000296668,0.000275992,-2.98511e-05,0.000494164,0.000567837,-0.00751549,500,62.5,0.5,100,100,0,1.99999,0.298601,-2.32934e-07,0.00081681,6.76727e-06,0.0315347,0.000338794,0.00065589,-0.000182228,0.000118493,0.000154141,-0.0010997,500,62.5,0.5,100,100,0,5.37998e-09,0.5,8.74197e-09,-4.83388e-06,1.2285e-06,5.01027e-05,-0.000164537,-2.81907e-05,0.000100709,7.17906e-05,-2.29117e-06,8.28938e-05,1000,1000,1,100,100,0,,200000,1000,100000,100,0,0,0,
0.670425,0.019604,51.01,-2,0.298581,-2.41875e-06,0.000162387,0.000219346,-0.0367407,-0.000303945,0.000294444,7.84295e-06,0.000341113,0.000598831,-0.00740593,500,62.5,0.5,100,100,0,2,0.298605,-1.6357e-06,0.00079062,3.35261e-05,0.0318199,0.00033131,0.000885563,-0.000158363,5.43431e-05,0.000236993,-0.00039605,500,62.5,0.5,100,100,0,1.12204e-07,0.5,-2.57715e-08,-1.19992e-05,1.68226e-06,3.75505e-05,-0.00016302,-2.65375e-05,9.95159e-05,7.72372e-05,-2.28813e-06,8.69805e-05,1000,1000,1,100,100,0,,200000,1000,100000,100,0,0,0,
0.693984,0.023559,42.4466,-2,0.298584,-1.70199e-06,0.000108218,0.000222687,-0.036653,-0.000246129,0.000258517,2.45892e-05,0.000291303,0.00069563,-0.00708431,500,62.5,0.5,100,100,0,2,0.29861,-2.34657e-06,0.000781345,1.72134e-05,0.0318583,0.000226526,0.000952774,-0.000118478,3.84451e-05,0.000230706,-0.000130201,500,62.5,0.5,100,100,0,7.98898e-08,0.5,-4.79956e-08,-7.51863e-06,2.2157e-06,4.51679e-05,-0.000164743,-2.72863e-05,9.95422e-05,7.47217e-05,-2.34909e-06,8.56538e-05,1000,1000,1,100,100,0,,200000,1000,100000,100,0,0,0,
0.718381,0.024397,40.9886,-2,0.298586,-1.05403e-06,0.000144789,0.000265393,-0.0364211,-0.000205781,0.000245883,3.05718e-05,0.00032983,0.000825895,-0.00672235,500,62.5,0.5,100,100,0,2,0.298613,-2.55438e-06,0.000778263,3.38098e-05,0.0319669,0.000107943,0.000889477,-7.9778e-05,-3.406e-07,0.000299928,0.000525527,500,62.5,0.5,100,100,0,1.60439e-07,0.5,5.59293e-08,-1.06129e-05,6.81538e-07,2.81757e-05,-0.000161166,-2.92235e-05,0.000104073,6.68073e-05,-2.01196e-06,7.75222e-05,1000,1000,1,100,100,0,,200000,1000,100000,100,0,0,0,
0.738475,0.020094,49.7661,-2,0.298588,-5.88681e-07,0.000130238,0.000298079,-0.0364947,-0.000165199,0.000192229,2.5442e-05,0.000197406,0.000893633,-0.00687696,500,62.5,0.5,100,100,0,2,0.298615,-2.40196e-06,0.000758912,3.44728e-05,0.0320549,4.49375e-06,0.000749952,-4.61094e-05,-2.77241e-05,0.000210487,0.00113276,500,62.5,0.5,100,100,0,6.4706e-08,0.5,3.56534e-08,5.06154e-06,1.24916e-06,5.51625e-05,-0.000164674,-2.8872e-05,9.87804e-05,6.90597e-05,-2.36062e-06,8.16455e-05,1000,1000,1,100,100,0,,200000,1000,100000,100,0,0,0,
0.76129,0.022815,43.8308,-2,0.298588,-3.3472e-07,8.37065e-05,0.000302813,-0.036505,-6.46269e-05,0.000175308,1.42125e-05,9.18493e-05,0.000914992,-0.00636712,500,62.5,0.5,100,100,0,2,0.298615,-2.0101e-06,0.000769618,2.09524e-05,0.0322711,-8.72473e-05,0.000626261,-1.79608e-05,-5.99207e-06,0.000110239,0.00150166,500,62.5,0.5,100,100,0,6.79618e-08,0.5,4.02754e-08,-2.30515e-06,1.68405e-06,4.31674e-05,-0.000163546,-2.93306e-05,0.000100056,6.7046e-05,-2.24976e-06,8.00456e-05,1000,1000,1,100,100,0,,200000,1000,100000,100,0,0,0,
0.785076,0.023786,42.0415,-2,0.298589,-2.6151e-07,8.27231e-05,0.000281221,-0.036218,1.18863e-05,0.00017919,1.14643e-06,9.92295e-05,0.000947494,-0.00569755,500,62.5,0.5,100,100,0,2,0.298614,-1.48384e-06,0.000769803,-5.93362e-05,0.0321424,-0.000171308,0.000521761,2.31124e-06,-1.60999e-05,-4.25924e-05,0.00134067,500,62.5,0.5,100,100,0,1.13727e-07,0.5,-2.15442e-08,1.93907e-06,2.81571e-07,5.00698e-05,-0.000163536,-2.67252e-05,9.80711e-05,7.66287e-05,-2.36736e-06,8.68507e-05,1000,1000,1,100,100,0,,200000,1000,100000,100,0,0,0,
0.807602,0.022526,44.3931,-2,0.298589,-2.92816e-07,8.86584e-05,0.000273096,-0.0362082,5.10715e-05,0.000187057,-1.60275e-05,7.31768e-05,0.00091359,-0.00577434,500,62.5,0.5,100,100,0,2,0.298613,-1.0416e-06,0.000764715,-3.03224e-05,0.0322308,-0.000200339,0.000473013,1.05565e-05,-1.38484e-05,1.64683e-05,0.00161577,500,62.5,0.5,100,100,0,5.92065e-08,0.5,-4.4886e-08,3.46623e-06,8.12284e-07,5.97443e-05,-0.000165441,-2.81784e-05,9.94926e-05,7.17994e-05,-2.36159e-06,8.41409e-05,1000,1000,1,100,100,0,,200000,1000,100000,100,0,0,0,
0.832249,0.024647,40.5729,-2,0.298589,-4.55778e-07,6.60073e-05,0.000289437,-0.0362002,7.29273e-05,0.000188086,-2.96398e-05,-7.1227e-06,0.000966571,-0.00555869,500,62.5,0.5,100,100,0,2,0.298611,-6.68397e-07,0.000760627,-3.4929e-05,0.0322541,-0.000193468,0.000432288,8.42551e-06,-1.19051e-05,-8.46431e-05,0.00161279,500,62.5,0.5,100,100,0,1.07155e-07,0.5,3.56423e-08,1.40578e-05,2.1799e-07,5.87373e-05,-0.000162816,-2.8058e-05,0.000103994,7.18444e-05,-2.09962e-06,8.14165e-05,1000,1000,1,100,100,0,,200000,1000,100000,100,0,0,0,
0.855888,0.023639,42.303,-2,0.298589,-6.85272e-07,5.11988e-05,0.00027221,-0.0361281,9.04445e-05,0.000213851,-3.93301e-05,-3.57636e-05,0.000934785,-0.00528307,500,62.5,0.5,100,100,0,2,0.29861,-4.08948e-07,0.000766633,-7.66676e-05,0.0322125,-0.000168713,0.000399815,6.46023e-06,4.10428e-06,-0.000158931,0.00160136,500,62.5,0.5,100,100,0,1.09541e-07,0.5,2.01403e-11,4.22705e-06,2.6129e-06,4.85047e-05,-0.00016583,-2.80912e-05,9.96433e-05,7.2707e-05,-2.36592e-06,8.52115e-05,1000,1000,1,100,100,0,,200000,1000,100000,100,0,0,0,
0.878095,0.022207,45.0308,-2,0.29859,-8.92675e-07,4.96047e-05,0.000291453,-0.0360559,9.32351e-05,0.000240276,-4.32625e-05,-4.58425e-05,0.00094842,-0.00513348,500,62.5,0.5,100,100,0,2,0.298609,-2.61938e-07,0.000781277,-7.68566e-05,0.0322144,-0.000160542,0.000403546,5.67055e-06,4.33875e-05,-0.000136194,0.00173404,500,62.5,0.5,100,100,0,5.31253e-08,0.5,-2.12821e-08,-9.32893e-06,1.22585e-06,4.27241e-05,-0.000164904,-2.81249e-05,9.94987e-05,7.20407e-05,-2.35028e-06,8.36866e-05,1000,1000,1,100,100,0,,200000,1000,100000,100,0,0,0,
0.9045,0.026405,37.8716,-2,0.298591,-1.0647e-06,5.07013e-05,0.00029912,-0.0359859,7.58192e-05,0.000288875,-4.4487e-05,-4.99321e-05,0.000999649,-0.00496537,500,62.5,0.5,100,100,0,2,0.298609,-1.8952e-07,0.00077908,-4.92595e-05,0.0323026,-0.000153141,0.000409388,8.30143e-07,1.02106e-06,-0.000138925,0.00182223,500,62.5,0.5,100,100,0,9.98685e-08,0.5,1.37095e-09,-4.33101e-07,-2.33664e-07,4.49716e-05,-0.000162512,-2.771e-05,0.000101149,7.26493e-05,-2.19891e-06,8.27463e-05,1000,1000,1,100,100,0,,200000,1000,100000,100,0,0,0,
0.926483,0.021983,45.4897,-2,0.298591,-1.19195e-06,2.91543e-05,0.00035029,-0.0360819,4.29904e-05,0.000299222,-4.22588e-05,-0.000104611,0.00104858,-0.00504134,500,62.5,0.5,100,100,0,2,0.298608,-1.2531e-07,0.000761842,-0.000102202,0.0322616,-0.000134224,0.0004102,2.55273e-07,-2.29115e-05,-0.0002791,0.00173126,500,62.5,0.5,100,100,0,9.98685e-08,0.5,1.37095e-09,-4.33101e-07,-2.33664e-07,4.49716e-05,0,0,0,0,0,0,1000,1000,1,100,100,0,,200000,1000,100000,100,0,0,0,
0.951718,0.025235,39.6275,-2,0.298592,-1.29528e-06,4.17024e-05,0.000290671,-0.0359388,3.78486e-05,0.000287442,-4.05536e-05,-7.16892e-05,0.000891844,-0.00465824,500,62.5,0.5,100,100,0,2,0.298608,-1.12927e-07,0.00076479,-0.000116186,0.0322425,-0.000111654,0.000410158,-2.14323e-06,1.29549e-06,-0.000223549,0.00183884,500,62.5,0.5,100,100,0,9.98685e-08,0.5,1.37095e-09,-4.33101e-07,-2.33664e-07,4.49716e-05,0,0,0,0,0,0,1000,1000,1,100,100,0,,200000,1000,100000,100,0,0,0,
0.977197,0.025479,39.248,-2,0.298592,-1.32177e-06,2.55957e-05,0.00031267,-0.0359458,2.66164e-05,0.000270496,-4.00756e-05,-0.000116895,0.00098391,-0.00477133,500,62.5,0.5,100,100,0,2,0.298608,-1.64918e-07,0.000776999,-5.11003e-05,0.0323928,-6.32991e-05,0.000418833,-7.14436e-06,1.83885e-05,-0.00012344,0.0020899,500,62.5,0.5,100,100,0,9.98685e-08,0.5,1.37095e-09,-4.33101e-07,-2.33664e-07,4.49716e-05,0,0,0,0,0,0,1000,1000,1,100,100,0,,200000,1000,100000,100,0,0,0,
1.00281,0.025616,39.0381,-2,0.298592,-1.34148e-06,2.51833e-05,0.000286588,-0.0360188,1.45585e-05,0.000261175,-3.87917e-05,-0.000127703,0.00092379,-0.0047752,500,62.5,0.5,100,100,0,2,0.298608,-2.04468e-07,0.000769232,-6.77651e-05,0.0322885,-1.15187e-05,0.000376974,-1.18685e-05,-1.85627e-05,-0.000210751,0.00192896,500,62.5,0.5,100,100,0,9.98685e-08,0.5,1.37095e-09,-4.33101e-07,-2.33664e-07,4.49716e-05,0,0,0,0,0,0,1000,1000,1,100,100,0,,200000,1000,100000,100,0,0,0,
1.02719,0.024377,41.0223,-2,0.298592,-1.31779e-06,1.89071e-05,0.000339984,-0.0359588,9.24492e-06,0.000261118,-3.87343e-05,-0.000135775,0.00110135,-0.00448188,500,62.5,0.5,100,100,0,2,0.298607,-2.55523e-07,0.000762299,-8.16166e-05,0.0323102,-3.95022e-07,0.000374263,-1.25505e-05,-2.76844e-05,-0.000216699,0.0020758,500,62.5,0.5,100,100,0,9.98685e-08,0.5,1.37095e-09,-4.33101e-07,-2.33664e-07,4.49716e-05,0,0,0,0,0,0,1000,1000,1,100,100,0,,200000,1000,100000,100,0,0,0,
1.0525,0.025309,39.5116,-2,0.298592,-1.31753e-06,2.51953e-05,0.000364763,-0.0357656,-6.70836e-06,0.000283923,-3.82271e-05,-0.000109405,0.00106122,-0.00436061,500,62.5,0.5,100,100,0,2,0.298607,-3.03552e-07,0.000770548,-7.51818e-05,0.0323319,6.30157e-06,0.000369852,-1.10977e-05,7.39995e-06,-0.000168085,0.00222174,500,62.5,0.5,100,100,0,9.98685e-08,0.5,1.37095e-09,-4.33101e-07,-2.33664e-07,4.49716e-05,0,0,0,0,0,0,1000,1000,1,100,100,0,,200000,1000,100000,100,0,0,0,
1.07325,0.020753,48.1858,-2,0.298592,-1.35077e-06,3.2826e-05,0.000300212,-0.0360337,-1.28674e-05,0.000278711,-4.22351e-05,-0.000136705,0.000933663,-0.00482097,500,62.5,0.5,100,100,0,2,0.298607,-3.32584e-07,0.000768276,-5.74772e-05,0.0324609,-6.66452e-07,0.000344939,-1.26501e-05,-1.54043e-05,-0.000141735,0.00235898,500,62.5,0.5,100,100,0,9.98685e-08,0.5,1.37095e-09,-4.33101e-07,-2.33664e-07,4.49716e-05,0,0,0,0,0,0,1000,1000,1,100,100,0,,200000,1000,100000,100,0,0,0,
1.09178,0.018527,53.9753,-2,0.298592,-1.39435e-06,1.01583e-05,0.000261714,-0.0359234,-1.5665e-05,0.000275998,-4.53709e-05,-0.000195444,0.000949217,-0.00434041,500,62.5,0.5,100,100,0,2,0.298606,-3.52042e-07,0.000762338,-7.08269e-05,0.0323533,8.31025e-07,0.000338884,-1.11331e-05,-4.12333e-05,-0.000241836,0.0020275,500,62.5,0.5,100,100,0,9.98685e-08,0.5,1.37095e-09,-4.33101e-07,-2.33664e-07,4.49716e-05,0,0,0,0,0,0,1000,1000,1,100,100,0,,200000,1000,100000,100,0,0,0,
1.1132,0.021417,46.6919,-2,0.298592,-1.38847e-06,1.13178e-05,0.000315277,-0.0357689,1.5004e-05,0.000317352,-4.41996e-05,-0.000157742,0.00107201,-0.00416297,500,62.5,0.5,100,100,0,2,0.298606,-3.41576e-07,0.000756581,-0.000100974,0.0322888,-4.72446e-06,0.000346616,-1.09369e-05,-3.10683e-05,-0.000237289,0.00203361,500,62.5,0.5,100,100,0,9.98685e-08,0.5,1.37095e-09,-4.33101e-07,-2.33664e-07,4.49716e-05,0,0,0,0,0,0,1000,1000,1,100,100,0,,200000,1000,100000,100,0,0,0,
1.13545,0.02225,44.9438,-2,0.298593,-1.41099e-06,1.3172e-05,0.0003362,-0.0359287,2.49477e-05,0.000297637,-4.28786e-05,-0.000167741,0.00102951,-0.0045916,500,62.5,0.5,100,100,0,2,0.298606,-3.82203e-07,0.000768766,-6.95399e-05,0.032396,-7.67726e-06,0.000340195,-1.10305e-05,-1.0982e-05,-0.000201642,0.00222816,500,62.5,0.5,100,100,0,9.98685e-08,0.5,1.37095e-09,-4.33101e-07,-2.33664e-07,4.49716e-05,0,0,0,0,0,0,1000,1000,1,100,100,0,,200000,1000,100000,100,0,0,0,
1.15579,0.020343,49.157,-2,0.298593,-1.46131e-06,1.73792e-05,0.000275227,-0.0359515,5.14682e-05,0.000284527,-4.71886e-05,-0.00016107,0.000898132,-0.00431028,500,62.5,0.5,100,100,0,2,0.298606,-3.5838e-07,0.000767103,-9.48321e-05,0.0323959,1.21866e-05,0.000343671,-9.26753e-06,-1.86433e-05,-0.000271576,0.00218835,500,62.5,0.5,100,100,0,9.98685e-08,0.5,1.37095e-09,-4.33101e-07,-2.33664e-07,4.49716e-05,0,0,0,0,0,0,1000,1000,1,100,100,0,,200000,1000,100000,100,0,0,0,
1.17476,0.018972,52.7093,-2,0.298592,-1.478e-06,1.50657e-05,0.00028751,-0.0356921,8.4205e-05,0.000274497,-4.88471e-05,-0.000178632,0.00104553,-0.00404495,500,62.5,0.5,100,100,0,2,0.298606,-3.53411e-07,0.000765311,-8.86778e-05,0.0323954,1.01642e-05,0.000355632,-9.73905e-06,-2.95747e-05,-0.000226514,0.00213652,500,62.5,0.5,100,100,0,9.98685e-08,0.5,1.37095e-09,-4.33101e-07,-2.33664e-07,4.49716e-05,0,0,0,0,0,0,1000,1000,1,100,100,0,,200000,1000,100000,100,0,0,0,
1.19819,0.023431,42.6785,-2,0.298592,-1.48599e-06,1.24356e-05,0.000327341,-0.0358964,9.47852e-05,0.000276716,-4.68144e-05,-0.000184836,0.00110432,-0.0044643,500,62.5,0.5,100,100,0,2,0.298606,-3.50007e-07,0.000765664,-0.000103856,0.0323748,-1.52926e-05,0.000354643,-7.09651e-06,-6.9044e-06,-0.000276968,0.00226071,500,62.5,0.5,100,100,0,9.98685e-08,0.5,1.37095e-09,-4.33101e-07,-2.33664e-07,4.49716e-05,0,0,0,0,0,0,1000,1000,1,100,100,0,,200000,1000,100000,100,0,0,0,
1.2179,0.019706,50.746,-2,0.298592,-1.51902e-06,4.47827e-06,0.000318592,-0.0359248,9.25335e-05,0.000283163,-4.62662e-05,-0.000203586,0.00102729,-0.0042832,500,62.5,0.5,100,100,0,2,0.298606,-3.38648e-07,0.000767194,-8.4937e-05,0.0324599,-2.25577e-05,0.000370772,-8.07579e-06,-3.56423e-05,-0.000218618,0.00240237,500,62.5,0.5,100,100,0,9.98685e-08,0.5,1.37095e-09,-4.33101e-07,-2.33664e-07,4.49716e-05,0,0,0,0,0,0,1000,1000,1,100,100,0,,200000,1000,100000,100,0,0,0,
1.23861,0.020708,48.2905,-2,0.298592,-1.53679e-06,9.32917e-06,0.000298205,-0.0357308,0.00010402,0.000294158,-4.50734e-05,-0.000176505,0.00105643,-0.00390108,500,62.5,0.5,100,100,0,2,0.298606,-3.25389e-07,0.000758754,-0.000106324,0.032375,-2.42718e-05,0.000380765,-9.11541e-06,-4.13766e-05,-0.000253724,0.00221442,500,62.5,0.5,100,100,0,9.98685e-08,0.5,1.37095e-09,-4.33101e-07,-2.33664e-07,4.49716e-05,0,0,0,0,0,0,1000,1000,1,100,100,0,,200000,1000,100000,100,0,0,0,
1.25866,0.020054,49.8654,-2,0.298593,-1.48916e-06,2.18989e-05,0.000344149,-0.0358232,8.4394e-05,0.000297829,-4.02215e-05,-0.000173338,0.00118972,-0.00424052,500,62.5,0.5,100,100,0,2,0.298606,-3.34753e-07,0.000761286,-9.7367e-05,0.032419,-2.7261e-05,0.000374255,-7.57149e-06,-2.44206e-05,-0.000238205,0.00230585,500,62.5,0.5,100,100,0,9.98685e-08,0.5,1.37095e-09,-4.33101e-07,-2.33664e-07,4.49716e-05,0,0,0,0,0,0,1000,1000,1,100,100,0,,200000,1000,100000,100,0,0,0,
1.27838,0.019722,50.7048,-2,0.298593,-1.45638e-06,4.28242e-06,0.000364836,-0.0358535,6.63028e-05,0.000292711,-4.33535e-05,-0.000226435,0.00113416,-0.00425305,500,62.5,0.5,100,100,0,2,0.298606,-3.18375e-07,0.000757986,-9.74645e-05,0.0323986,-2.66041e-05,0.000362256,-3.96102e-06,-3.65e-05,-0.000250898,0.00234479,500,62.5,0.5,100,100,0,9.98685e-08,0.5,1.37095e-09,-4.33101e-07,-2.33664e-07,4.49716e-05,0,0,0,0,0,0,1000,1000,1,100,100,0,,200000,1000,100000,100,0,0,0,
1.30359,0.025211,39.6652,-2,0.298592,-1.50435e-06,-9.69279e-06,0.000308289,-0.0358812,4.63872e-05,0.000288521,-4.56336e-05,-0.000219138,0.00106068,-0.00421376,500,62.5,0.5,100,100,0,2,0.298606,-2.7516e-07,0.000764063,-9.72701e-05,0.032464,-3.92973e-05,0.000349529,-3.28673e-06,-1.47998e-05,-0.000256785,0.00244575,500,62.5,0.5,100,100,0,9.98685e-08,0.5,1.37095e-09,-4.33101e-07,-2.33664e-07,4.49716e-05,0,0,0,0,0,0,1000,1000,1,100,100,0,,200000,1000,100000,100,0,0,0,
1.32211,0.018513,54.0161,-2,0.298592,-1.50107e-06,6.61994e-06,0.000341025,-0.035776,2.07055e-05,0.000294376,-4.59207e-05,-0.000186113,0.001152,-0.00403777,500,62.5,0.5,100,100,0,2,0.298606,-2.4471e-07,0.000771661,-0.00012405,0.0324438,-6.85367e-05,0.000337149,-1.34692e-06,-1.00238e-05,-0.000404576,0.002407,500,62.5,0.5,100,100,0,9.98685e-08,0.5,1.37095e-09,-4.33101e-07,-2.33664e-07,4.49716e-05,0,0,0,0,0,0,1000,1000,1,100,100,0,,200000,1000,100000,100,0,0,0,
1.34065,0.018541,53.9345,-2,0.298593,-1.51209e-06,1.14145e-05,0.000354686,-0.0358252,1.633e-05,0.000294405,-4.76646e-05,-0.000197796,0.00112031,-0.0041774,500,62.5,0.5,100,100,0,2,0.298606,-2.09673e-07,0.000769103,-0.000127081,0.0324881,-7.96941e-05,0.000330708,7.42525e-07,-1.64242e-05,-0.000327068,0.00251325,500,62.5,0.5,100,100,0,9.98685e-08,0.5,1.37095e-09,-4.33101e-07,-2.33664e-07,4.49716e-05,0,0,0,0,0,0,1000,1000,1,100,100,0,,200000,1000,100000,100,0,0,0,
1.36175,0.021101,47.3911,-2,0.298592,-1.54839e-06,4.70356e-06,0.000324641,-0.0358966,1.53447e-05,0.000289357,-5.04324e-05,-0.000211721,0.00104421,-0.00421216,500,62.5,0.5,100,100,0,2,0.298606,-1.81536e-07,0.000768488,-9.94423e-05,0.0324464,-0.000128077,0.000344331,9.3156e-07,-2.07529e-05,-0.000300569,0.00236736,500,62.5,0.5,100,100,0,9.98685e-08,0.5,1.37095e-09,-4.33101e-07,-2.33664e-07,4.49716e-05,0,0,0,0,0,0,1000,1000,1,100,100,0,,200000,1000,100000,100,0,0,0,
1.3847,0.022957,43.5597,-2,0.298593,-1.57242e-06,5.41985e-06,0.000318066,-0.0357,8.90838e-06,0.000336242,-4.8264e-05,-0.000192852,0.0011102,-0.00380348,500,62.5,0.5,100,100,0,2,0.298606,-1.43621e-07,0.000758873,-0.00010973,0.0324476,-0.000146948,0.000360107,-1.6993e-06,-4.64596e-05,-0.000334028,0.00238759,500,62.5,0.5,100,100,0,9.98685e-08,0.5,1.37095e-09,-4.33101e-07,-2.33664e-07,4.49716e-05,0,0,0,0,0,0,1000,1000,1,100,100,0,,200000,1000,100000,100,0,0,0,
1.40343,0.018721,53.416,-2,0.298593,-1.55629e-06,3.10927e-05,0.000359236,-0.0358202,2.58275e-05,0.000325986,-4.71643e-05,-0.000187158,0.0012309,-0.00423848,500,62.5,0.5,100,100,0,2,0.298606,-1.45893e-07,0.000752655,-0.000131842,0.0324489,-0.000128038,0.000364661,-3.27393e-06,-3.68593e-05,-0.000340723,0.00251162,500,62.5,0.5,100,100,0,9.98685e-08,0.5,1.37095e-09,-4.33101e-07,-2.33664e-07,4.49716e-05,0,0,0,0,0,0,1000,1000,1,100,100,0,,200000,1000,100000,100,0,0,0,
1.42216,0.018737,53.3703,-2,0.298593,-1.55406e-06,-1.46992e-05,0.000378012,-0.0358953,1.85261e-05,0.000314181,-4.42714e-05,-0.000274514,0.00119501,-0.00428886,500,62.5,0.5,100,100,0,2,0.298606,-1.86892e-07,0.000774296,-8.04229e-05,0.0325143,-0.000110999,0.000364265,-7.37212e-06,1.30368e-05,-0.000239208,0.00259219,500,62.5,0.5,100,100,0,9.98685e-08,0.5,1.37095e-09,-4.33101e-07,-2.33664e-07,4.49716e-05,0,0,0,0,0,0,1000,1000,1,100,100,0,,200000,1000,100000,100,0,0,0,
1.44091,0.01875,53.3333,-2,0.298593,-1.55809e-06,2.08259e-05,0.000339789,-0.0357526,1.50531e-05,0.000329626,-4.7603e-05,-0.000183998,0.00106036,-0.00401184,500,62.5,0.5,100,100,0,2,0.298606,-2.17286e-07,0.000774742,-0.000106952,0.0324512,-9.14276e-05,0.000359366,-1.19396e-05,-3.04378e-06,-0.000331974,0.002463,500,62.5,0.5,100,100,0,9.98685e-08,0.5,1.37095e-09,-4.33101e-07,-2.33664e-07,4.49716e-05,0,0,0,0,0,0,1000,1000,1,100,100,0,,200000,1000,100000,100,0,0,0,
1.46076,0.019851,50.3753,-2,0.298594,-1.57626e-06,7.7493e-07,0.00032025,-0.0358001,4.52222e-05,0.000315986,-4.99816e-05,-0.000218103,0.00106813,-0.0041763,500,62.5,0.5,100,100,0,2,0.298606,-2.77995e-07,0.000772151,-0.000113177,0.0324953,-5.71415e-05,0.000377552,-1.22712e-05,-1.03843e-05,-0.00029068,0.00252964,500,62.5,0.5,100,100,0,9.98685e-08,0.5,1.37095e-09,-4.33101e-07,-2.33664e-07,4.49716e-05,0,0,0,0,0,0,1000,1000,1,100,100,0,,200000,1000,100000,100,0,0,0,
1.48191,0.021142,47.2992,-2,0.298594,-1.58286e-06,3.91127e-06,0.000339824,-0.035802,8.05874e-05,0.000344112,-4.8612e-05,-0.000205577,0.0011335,-0.00408743,500,62.5,0.5,100,100,0,2,0.298606,-3.49509e-07,0.000767618,-7.4115e-05,0.032475,-3.01229e-05,0.000387134,-1.42534e-05,-1.74872e-05,-0.000222515,0.00240915,500,62.5,0.5,100,100,0,9.98685e-08,0.5,1.37095e-09,-4.33101e-07,-2.33664e-07,4.49716e-05,0,0,0,0,0,0,1000,1000,1,100,100,0,,200000,1000,100000,100,0,0,0,
1.50299,0.021084,47.4293,-2,0.298594,-1.57444e-06,7.2044e-06,0.000354042,-0.0358275,0.000119088,0.000323898,-4.62037e-05,-0.00021136,0.0011532,-0.00414757,500,62.5,0.5,100,100,0,2,0.298606,-3.59552e-07,0.000768431,-8.60075e-05,0.0324331,-3.1823e-05,0.000385261,-1.27212e-05,-1.152e-05,-0.000240297,0.00233308,500,62.5,0.5,100,100,0,9.98685e-08,0.5,1.37095e-09,-4.33101e-07,-2.33664e-07,4.49716e-05,0,0,0,0,0,0,1000,1000,1,100,100,0,,200000,1000,100000,100,0,0,0,
1.5212,0.018206,54.9269,-2,0.298593,-1.58396e-06,1.76505e-05,0.000321713,-0.0358172,0.00011452,0.000291735,-4.76335e-05,-0.000213968,0.00110444,-0.00427333,500,62.5,0.5,100,100,0,2,0.298606,-3.99098e-07,0.000768831,-7.01519e-05,0.0323913,-7.72276e-06,0.000335888,-1.44771e-05,-1.3056e-05,-0.000221903,0.0025791,500,62.5,0.5,100,100,0,9.98685e-08,0.5,1.37095e-09,-4.33101e-07,-2.33664e-07,4.49716e-05,0,0,0,0,0,0,1000,1000,1,100,100,0,,200000,1000,100000,100,0,0,0,
1.54053,0.019335,51.7197,-2,0.298593,-1.58259e-06,-1.38992e-05,0.000315522,-0.0358435,0.000110008,0.000309348,-4.90869e-05,-0.000264252,0.00108721,-0.00415259,500,62.5,0.5,100,100,0,2,0.298606,-4.19391e-07,0.000768275,-7.5276e-05,0.0325212,-1.07207e-06,0.000346611,-1.37477e-05,-2.317e-06,-0.000261528,0.00254182,500,62.5,0.5,100,100,0,9.98685e-08,0.5,1.37095e-09,-4.33101e-07,-2.33664e-07,4.49716e-05,0,0,0,0,0,0,1000,1000,1,100,100,0,,200000,1000,100000,100,0,0,0,
1.56042,0.019887,50.2841,-2,0.298593,-1.57703e-06,2.49648e-05,0.000336606,-0.0358756,9.62621e-05,0.000305323,-4.87563e-05,-0.00019671,0.00115953,-0.00408881,500,62.5,0.5,100,100,0,2,0.298606,-3.91154e-07,0.000766691,-0.000118415,0.0324793,-1.1283e-05,0.000347282,-7.79531e-06,-2.84261e-05,-0.000366754,0.00229751,500,62.5,0.5,100,100,0,9.98685e-08,0.5,1.37095e-09,-4.33101e-07,-2.33664e-07,4.49716e-05,0,0,0,0,0,0,1000,1000,1,100,100,0,,200000,1000,100000,100,0,0,0,
1.58207,0.021649,46.1915,-2,0.298593,-1.58504e-06,-1.13956e-05,0.000364429,-0.035732,6.88105e-05,0.000274917,-4.91605e-05,-0.000264039,0.00117283,-0.00407273,500,62.5,0.5,100,100,0,2,0.298606,-3.72361e-07,0.000764552,-0.000124095,0.0324375,-3.47782e-05,0.000296206,-5.81769e-06,-1.71543e-05,-0.00029415,0.00239476,500,62.5,0.5,100,100,0,9.98685e-08,0.5,1.37095e-09,-4.33101e-07,-2.33664e-07,4.49716e-05,0,0,0,0,0,0,1000,1000,1,100,100,0,,200000,1000,100000,100,0,0,0,
1.60179,0.019726,50.6945,-2,0.298593,-1.59722e-06,1.61529e-05,0.000372615,-0.0358731,3.7966e-05,0.00029771,-4.7713e-05,-0.000199353,0.00114541,-0.00430238,500,62.5,0.5,100,100,0,2,0.298605,-3.62956e-07,0.000766534,-8.58756e-05,0.0324387,-5.62056e-05,0.000328783,-9.15988e-06,-4.15095e-06,-0.000244914,0.00233393,500,62.5,0.5,100,100,0,9.98685e-08,0.5,1.37095e-09,-4.33101e-07,-2.33664e-07,4.49716e-05,0,0,0,0,0,0,1000,1000,1,100,100,0,,200000,1000,100000,100,0,0,0,
1.62091,0.019119,52.304,-2,0.298593,-1.60731e-06,-5.8212e-06,0.000338321,-0.0357914,2.84993e-05,0.000316206,-4.90835e-05,-0.000235596,0.00107079,-0.00414192,500,62.5,0.5,100,100,0,2,0.298605,-3.40298e-07,0.000769639,-0.000117027,0.0324396,-7.48814e-05,0.000348311,-7.35428e-06,-1.02641e-05,-0.00034416,0.00232682,500,62.5,0.5,100,100,0,9.98685e-08,0.5,1.37095e-09,-4.33101e-07,-2.33664e-07,4.49716e-05,0,0,0,0,0,0,1000,1000,1,100,100,0,,200000,1000,100000,100,0,0,0,
1.63908,0.01817,55.0358,-2,0.298593,-1.60011e-06,2.18171e-05,0.000348613,-0.0358668,2.72005e-06,0.000324754,-5.05814e-05,-0.000188478,0.00110403,-0.00424895,500,62.5,0.5,100,100,0,2,0.298605,-3.48552e-07,0.000771574,-0.000101854,0.0324408,-6.24505e-05,0.000355633,-9.34784e-06,-5.44976e-06,-0.000258156,0.0024119,500,62.5,0.5,100,100,0,9.98685e-08,0.5,1.37095e-09,-4.33101e-07,-2.33664e-07,4.49716e-05,0,0,0,0,0,0,1000,1000,1,100,100,0,,200000,1000,100000,100,0,0,0,
1.65772,0.018639,53.6509,-2,0.298593,-1.63272e-06,-4.38449e-06,0.000322042,-0.0358064,-1.54382e-05,0.000319942,-5.30062e-05,-0.000249038,0.00105146,-0.00413859,500,62.5,0.5,100,100,0,2,0.298606,-3.5602e-07,0.00076982,-9.03077e-05,0.0324633,-5.75117e-05,0.000364683,-8.09229e-06,-1.71685e-05,-0.000230136,0.00236519,500,62.5,0.5,100,100,0,9.98685e-08,0.5,1.37095e-09,-4.33101e-07,-2.33664e-07,4.49716e-05,0,0,0,0,0,0,1000,1000,1,100,100,0,,200000,1000,100000,100,0,0,0,
1.67701,0.019291,51.8376,-2,0.298593,-1.65416e-06,1.47246e-05,0.000344325,-0.0359247,-2.00486e-05,0.000316716,-5.32406e-05,-0.000203694,0.00113698,-0.00420481,500,62.5,0.5,100,100,0,2,0.298606,-3.38225e-07,0.000766331,-8.33023e-05,0.0324427,-7.39467e-05,0.000345971,-7.47375e-06,-1.58712e-05,-0.000263541,0.00233854,500,62.5,0.5,100,100,0,9.98685e-08,0.5,1.37095e-09,-4.33101e-07,-2.33664e-07,4.49716e-05,0,0,0,0,0,0,1000,1000,1,100,100,0,,200000,1000,100000,100,0,0,0,
1.6987,0.021693,46.0978,-2,0.298593,-1.68437e-06,6.00499e-07,0.000323465,-0.0356613,2.04568e-06,0.000347169,-5.37097e-05,-0.000214133,0.00103134,-0.00377187,500,62.5,0.5,100,100,0,2,0.298606,-3.15131e-07,0.000762561,-0.000105463,0.0323793,-8.62725e-05,0.000359748,-7.90734e-06,-2.90386e-05,-0.000300212,0.00234462,500,62.5,0.5,100,100,0,9.98685e-08,0.5,1.37095e-09,-4.33101e-07,-2.33664e-07,4.49716e-05,0,0,0,0,0,0,1000,1000,1,100,100,0,,200000,1000,100000,100,0,0,0,
1.71844,0.019736,50.6688,-2,0.298594,-1.683e-06,2.27622e-05,0.000331043,-0.0357999,3.7934e-05,0.00036698,-5.21453e-05,-0.000191668,0.00105211,-0.00417121,500,62.5,0.5,100,100,0,2,0.298606,-3.09696e-07,0.000772557,-0.000116928,0.0324447,-7.15274e-05,0.000371332,-4.76895e-06,2.34489e-06,-0.000333478,0.00251341,500,62.5,0.5,100,100,0,9.98685e-08,0.5,1.37095e-09,-4.33101e-07,-2.33664e-07,4.49716e-05,0,0,0,0,0,0,1000,1000,1,100,100,0,,200000,1000,100000,100,0,0,0,
1.73666,0.01822,54.8847,-2,0.298594,-1.69137e-06,-1.22305e-05,0.000320037,-0.0358492,5.65453e-05,0.000340061,-5.23274e-05,-0.000279348,0.00105618,-0.0041981,500,62.5,0.5,100,100,0,2,0.298606,-2.77741e-07,0.000766493,-0.000121869,0.0324458,-6.62112e-05,0.000359444,-4.26106e-06,-3.92587e-05,-0.000291265,0.00242179,500,62.5,0.5,100,100,0,9.98685e-08,0.5,1.37095e-09,-4.33101e-07,-2.33664e-07,4.49716e-05,0,0,0,0,0,0,1000,1000,1,100,100,0,,200000,1000,100000,100,0,0,0,
1.75591,0.01925,51.9481,-2,0.298594,-1.68054e-06,-4.91515e-06,0.000331125,-0.0357423,5.09873e-05,0.000360493,-5.3198e-05,-0.000194487,0.00106108,-0.00405638,500,62.5,0.5,100,100,0,2,0.298606,-2.69725e-07,0.000758353,-0.000106834,0.0324254,-4.88906e-05,0.000357925,-5.54226e-06,-2.62042e-05,-0.000279693,0.00232542,500,62.5,0.5,100,100,0,9.98685e-08,0.5,1.37095e-09,-4.33101e-07,-2.33664e-07,4.49716e-05,0,0,0,0,0,0,1000,1000,1,100,100,0,,200000,1000,100000,100,0,0,0,
1.77712,0.021205,47.1587,-2,0.298594,-1.70915e-06,3.20883e-05,0.000324818,-0.0359675,6.32115e-05,0.000311364,-5.43281e-05,-0.000181639,0.00102672,-0.00437546,500,62.5,0.5,100,100,0,2,0.298606,-2.64851e-07,0.000771972,-0.000112316,0.0323834,-4.5991e-05,0.000296898,-7.06564e-06,1.09256e-05,-0.000292687,0.00261897,500,62.5,0.5,100,100,0,9.98685e-08,0.5,1.37095e-09,-4.33101e-07,-2.33664e-07,4.49716e-05,0,0,0,0,0,0,1000,1000,1,100,100,0,,200000,1000,100000,100,0,0,0,
1.79958,0.022464,44.5157,-2,0.298594,-1.72191e-06,-1.04301e-05,0.000313416,-0.0357054,7.54833e-05,0.000330058,-5.16385e-05,-0.000259562,0.00106625,-0.00377909,500,62.5,0.5,100,100,0,2,0.298605,-2.94193e-07,0.000774813,-9.51625e-05,0.0325776,-5.03327e-05,0.000319604,-1.12059e-05,-8.45873e-06,-0.000236284,0.00270434,500,62.5,0.5,100,100,0,9.98685e-08,0.5,1.37095e-09,-4.33101e-07,-2.33664e-07,4.49716e-05,0,0,0,0,0,0,1000,1000,1,100,100,0,,200000,1000,100000,100,0,0,0,
1.82187,0.022294,44.8551,-2,0.298594,-1.67733e-06,1.6533e-05,0.00035383,-0.0358238,0.000106353,0.000304284,-4.87587e-05,-0.000209557,0.00116841,-0.00424586,500,62.5,0.5,100,100,0,2,0.298605,-3.44711e-07,0.000764909,-6.10176e-05,0.0324714,-4.30607e-05,0.000334846,-1.43626e-05,-2.7784e-05,-0.000171497,0.00213037,500,62.5,0.5,100,100,0,9.98685e-08,0.5,1.37095e-09,-4.33101e-07,-2.33664e-07,4.49716e-05,0,0,0,0,0,0,1000,1000,1,100,100,0,,200000,1000,100000,100,0,0,0,
1.84121,0.019339,51.709,-2,0.298593,-1.66284e-06,-1.21153e-05,0.000355475,-0.0357876,9.19874e-05,0.000285384,-4.65808e-05,-0.00025418,0.00108795,-0.00416513,500,62.5,0.5,100,100,0,2,0.298605,-3.57124e-07,0.000764497,-8.23767e-05,0.0323863,-3.67693e-05,0.000323958,-1.09991e-05,-2.56188e-05,-0.000261338,0.00220235,500,62.5,0.5,100,100,0,9.98685e-08,0.5,1.37095e-09,-4.33101e-07,-2.33664e-07,4.49716e-05,0,0,0,0,0,0,1000,1000,1,100,100,0,,200000,1000,100000,100,0,0,0,
1.86108,0.019869,50.3297,-2,0.298593,-1.62482e-06,1.75147e-05,0.000357563,-0.0359065,8.66919e-05,0.000278693,-4.48678e-05,-0.000198428,0.00113103,-0.00425625,500,62.5,0.5,100,100,0,2,0.298605,-3.48023e-07,0.000765132,-0.000107358,0.0323873,-3.6949e-05,0.00034173,-9.31815e-06,-2.55664e-05,-0.000343836,0.00239745,500,62.5,0.5,100,100,0,9.98685e-08,0.5,1.37095e-09,-4.33101e-07,-2.33664e-07,4.49716e-05,0,0,0,0,0,0,1000,1000,1,100,100,0,,200000,1000,100000,100,0,0,0,
1.88191,0.020826,48.0169,-2,0.298593,-1.58818e-06,-6.43393e-06,0.000344549,-0.0357571,0.000105585,0.000273708,-4.67416e-05,-0.000247436,0.00107385,-0.00394283,500,62.5,0.5,100,100,0,2,0.298605,-3.30289e-07,0.000761118,-0.000118584,0.0324744,-2.17991e-05,0.000338767,-5.03966e-06,-2.12593e-05,-0.000309109,0.00267624,500,62.5,0.5,100,100,0,9.98685e-08,0.5,1.37095e-09,-4.33101e-07,-2.33664e-07,4.49716e-05,0,0,0,0,0,0,1000,1000,1,100,100,0,,200000,1000,100000,100,0,0,0,
1.90163,0.019724,50.6997,-2,0.298592,-1.58512e-06,1.35391e-05,0.000339136,-0.0358104,0.000120957,0.000284331,-4.88657e-05,-0.000212138,0.00110604,-0.00413012,500,62.5,0.5,100,100,0,2,0.298605,-3.07876e-07,0.000774525,-8.81191e-05,0.0325182,-2.32867e-05,0.00036591,-3.40817e-06,5.24069e-06,-0.000219508,0.0025352,500,62.5,0.5,100,100,0,9.98685e-08,0.5,1.37095e-09,-4.33101e-07,-2.33664e-07,4.49716e-05,0,0,0,0,0,0,1000,1000,1,100,100,0,,200000,1000,100000,100,0,0,0,
1.92084,0.019204,52.0725,-2,0.298592,-1.58747e-06,-1.18905e-05,0.000360586,-0.0358346,8.64184e-05,0.000289499,-5.00905e-05,-0.000261637,0.00114881,-0.00404346,500,62.5,0.5,100,100,0,2,0.298605,-2.74349e-07,0.00076946,-9.75835e-05,0.0324763,-2.08193e-05,0.000348242,-4.38069e-06,-3.10066e-05,-0.00030622,0.00240382,500,62.5,0.5,100,100,0,9.98685e-08,0.5,1.37095e-09,-4.33101e-07,-2.33664e-07,4.49716e-05,0,0,0,0,0,0,1000,1000,1,100,100,0,,200000,1000,100000,100,0,0,0,
1.94034,0.019506,51.2663,-2,0.298592,-1.62282e-06,-2.71791e-06,0.000328564,-0.0356823,3.89732e-05,0.000308057,-5.28693e-05,-0.00021335,0.0010309,-0.00388017,500,62.5,0.5,100,100,0,2,0.298605,-2.43798e-07,0.00076229,-0.000109145,0.0324558,-2.82044e-05,0.000349129,-5.11008e-06,-3.02503e-05,-0.000265428,0.00236921,500,62.5,0.5,100,100,0,9.98685e-08,0.5,1.37095e-09,-4.33101e-07,-2.33664e-07,4.49716e-05,0,0,0,0,0,0,1000,1000,1,100,100,0,,200000,1000,100000,100,0,0,0,
1.96417,0.023833,41.9586,-2,0.298593,-1.6742e-06,2.48712e-05,0.000305605,-0.0358876,6.67939e-06,0.000310155,-5.69749e-05,-0.000183722,0.00105183,-0.00432484,500,62.5,0.5,100,100,0,2,0.298606,-2.67713e-07,0.000771975,-6.70045e-05,0.0324352,-5.22354e-05,0.0003657,-7.88845e-06,-9.05843e-06,-0.000197969,0.00242123,500,62.5,0.5,100,100,0,9.98685e-08,0.5,1.37095e-09,-4.33101e-07,-2.33664e-07,4.49716e-05,0,0,0,0,0,0,1000,1000,1,100,100,0,,200000,1000,100000,100,0,0,0,
1.98608,0.021901,45.66,-2,0.298593,-1.68466e-06,-8.61424e-06,0.000359622,-0.0358716,3.05144e-06,0.000310607,-5.37057e-05,-0.000265548,0.00115372,-0.00409322,500,62.5,0.5,100,100,0,2,0.298606,-2.73829e-07,0.000758789,-7.35195e-05,0.0324147,-7.60456e-05,0.000359664,-1.09035e-05,-5.14655e-05,-0.000221998,0.00242772,500,62.5,0.5,100,100,0,9.98685e-08,0.5,1.37095e-09,-4.33101e-07,-2.33664e-07,4.49716e-05,0,0,0,0,0,0,1000,1000,1,100,100,0,,200000,1000,100000,100,0,0,0,
2.00416,0.018081,55.3067,-2,0.298593,-1.70823e-06,7.25323e-06,0.000320281,-0.0357745,3.09249e-07,0.000310466,-5.18724e-05,-0.000228419,0.00105149,-0.00401412,500,62.5,0.5,100,100,0,2,0.298606,-3.1186e-07,0.000764665,-8.08255e-05,0.0324799,-7.52925e-05,0.000332552,-1.14292e-05,-2.37473e-05,-0.000225069,0.00258419,500,62.5,0.5,100,100,0,9.98685e-08,0.5,1.37095e-09,-4.33101e-07,-2.33664e-07,4.49716e-05,0,0,0,0,0,0,1000,1000,1,100,100,0,,200000,1000,100000,100,0,0,0,
2.02654,0.02238,44.6828,-2,0.298593,-1.69523e-06,-2.01289e-06,0.000334229,-0.0358931,-3.55485e-06,0.00030798,-5.24761e-05,-0.00025782,0.00108734,-0.00418685,500,62.5,0.5,100,100,0,2,0.298606,-3.3079e-07,0.000755568,-9.77051e-05,0.0324595,-5.82376e-05,0.0003517,-1.16114e-05,-4.98301e-05,-0.000283623,0.00245967,500,62.5,0.5,100,100,0,9.98685e-08,0.5,1.37095e-09,-4.33101e-07,-2.33664e-07,4.49716e-05,0,0,0,0,0,0,1000,1000,1,100,100,0,,200000,1000,100000,100,0,0,0,
2.04952,0.022978,43.5199,-2,0.298593,-1.70646e-06,-1.23253e-05,0.000314263,-0.0356536,3.54531e-05,0.000357972,-5.14292e-05,-0.000220399,0.00106283,-0.0038362,500,62.5,0.5,100,100,0,2,0.298606,-3.66839e-07,0.000766961,-9.17377e-05,0.0324389,-6.48816e-05,0.000368315,-1.21741e-05,1.20527e-05,-0.000248283,0.0023822,500,62.5,0.5,100,100,0,9.98685e-08,0.5,1.37095e-09,-4.33101e-07,-2.33664e-07,4.49716e-05,0,0,0,0,0,0,1000,1000,1,100,100,0,,200000,1000,100000,100,0,0,0,
2.06838,0.018868,52.9998,-2,0.298593,-1.68594e-06,1.82639e-05,0.000332911,-0.035905,8.05966e-05,0.000281225,-5.12723e-05,-0.000196245,0.00112071,-0.00459711,500,62.5,0.5,100,100,0,2,0.298606,-3.78787e-07,0.000791895,-0.000112417,0.0325471,-6.55541e-05,0.000306262,-1.37673e-05,4.61326e-05,-0.000275438,0.00271155,500,62.5,0.5,100,100,0,9.98685e-08,0.5,1.37095e-09,-4.33101e-07,-2.33664e-07,4.49716e-05,0,0,0,0,0,0,1000,1000,1,100,100,0,,200000,1000,100000,100,0,0,0,
2.08808,0.019697,50.7692,-2,0.298593,-1.66771e-06,1.08534e-05,0.000358844,-0.0358956,7.71185e-05,0.000279348,-4.79739e-05,-0.000228513,0.00112351,-0.00431034,500,62.5,0.5,100,100,0,2,0.298605,-4.3131e-07,0.000782861,-7.76693e-05,0.0325268,-6.90732e-05,0.000322749,-1.28679e-05,-1.41967e-05,-0.000188853,0.00245881,500,62.5,0.5,100,100,0,9.98685e-08,0.5,1.37095e-09,-4.33101e-07,-2.33664e-07,4.49716e-05,0,0,0,0,0,0,1000,1000,1,100,100,0,,200000,1000,100000,100,0,0,0,
2.10637,0.018287,54.6837,-2,0.298593,-1.67735e-06,-1.52776e-05,0.000309474,-0.0357243,7.91304e-05,0.000294338,-5.03876e-05,-0.000249683,0.00101691,-0.00395682,500,62.5,0.5,100,100,0,2,0.298605,-4.42691e-07,0.000750241,-5.73706e-05,0.032442,-6.771e-05,0.000336527,-1.56009e-05,-6.71312e-05,-0.000177796,0.00221607,500,62.5,0.5,100,100,0,9.98685e-08,0.5,1.37095e-09,-4.33101e-07,-2.33664e-07,4.49716e-05,0,0,0,0,0,0,1000,1000,1,100,100,0,,200000,1000,100000,100,0,0,0,
2.12763,0.021265,47.0256,-2,0.298593,-1.65495e-06,1.91842e-05,0.000324237,-0.0358642,8.25456e-05,0.000299782,-4.84453e-05,-0.000191189,0.00107508,-0.00428687,500,62.5,0.5,100,100,0,2,0.298605,-4.19031e-07,0.000754011,-0.000108334,0.0323352,-4.62644e-05,0.000356006,-9.85755e-06,-1.64558e-05,-0.00029602,0.00223374,500,62.5,0.5,100,100,0,9.98685e-08,0.5,1.37095e-09,-4.33101e-07,-2.33664e-07,4.49716e-05,0,0,0,0,0,0,1000,1000,1,100,100,0,,200000,1000,100000,100,0,0,0,
2.14923,0.021597,46.3027,-2,0.298593,-1.62194e-06,-7.32262e-06,0.00032785,-0.0357378,8.34227e-05,0.00030222,-4.66465e-05,-0.000254683,0.00108282,-0.00401298,500,62.5,0.5,100,100,0,2,0.298605,-3.97965e-07,0.000777067,-0.000115109,0.0325291,-1.31086e-05,0.00033276,-6.1983e-06,2.45373e-05,-0.000285352,0.00263806,500,62.5,0.5,100,100,0,9.98685e-08,0.5,1.37095e-09,-4.33101e-07,-2.33664e-07,4.49716e-05,0,0,0,0,0,0,1000,1000,1,100,100,0,,200000,1000,100000,100,0,0,0,
2.17171,0.022483,44.4781,-2,0.298593,-1.58613e-06,1.66967e-05,0.00035465,-0.0359006,0.00011432,0.000306508,-4.52669e-05,-0.000193876,0.00114489,-0.00428763,500,62.5,0.5,100,100,0,2,0.298605,-3.73846e-07,0.000771806,-8.85624e-05,0.0325085,-1.17204e-05,0.000340347,-4.37947e-06,-2.90644e-05,-0.000228922,0.0022943,500,62.5,0.5,100,100,0,9.98685e-08,0.5,1.37095e-09,-4.33101e-07,-2.33664e-07,4.49716e-05,0,0,0,0,0,0,1000,1000,1,100,100,0,,200000,1000,100000,100,0,0,0,
2.19244,0.020727,48.2463,-2,0.298593,-1.55789e-06,-3.34412e-06,0.000365015,-0.0357301,0.000138599,0.000316722,-4.63555e-05,-0.000228677,0.00111705,-0.0039959,500,62.5,0.5,100,100,0,2,0.298605,-3.16688e-07,0.000759238,-9.96281e-05,0.0323805,-1.52883e-05,0.000348642,-3.98698e-06,-3.93327e-05,-0.00024656,0.0022172,500,62.5,0.5,100,100,0,9.98685e-08,0.5,1.37095e-09,-4.33101e-07,-2.33664e-07,4.49716e-05,0,0,0,0,0,0,1000,1000,1,100,100,0,,200000,1000,100000,100,0,0,0,
2.21228,0.01984,50.4032,-2,0.298593,-1.57207e-06,1.53137e-05,0.000348673,-0.0358706,0.000135569,0.000301878,-4.7941e-05,-0.000205678,0.0011037,-0.00439614,500,62.5,0.5,100,100,0,2,0.298605,-2.85371e-07,0.000761207,-9.66378e-05,0.032446,-3.19737e-05,0.000344838,-3.59653e-06,-1.30769e-05,-0.000311886,0.00260371,500,62.5,0.5,100,100,0,9.98685e-08,0.5,1.37095e-09,-4.33101e-07,-2.33664e-07,4.49716e-05,0,0,0,0,0,0,1000,1000,1,100,100,0,,200000,1000,100000,100,0,0,0,
2.23421,0.021933,45.5934,-2,0.298593,-1.58053e-06,-1.71846e-05,0.000336243,-0.0358285,0.000121744,0.000351732,-4.90909e-05,-0.000253719,0.0010301,-0.0040469,500,62.5,0.5,100,100,0,2,0.298606,-2.29996e-07,0.000773635,-0.000126428,0.03249,-1.95771e-05,0.000355185,-1.84267e-07,-2.55782e-06,-0.000354902,0.00248501,500,62.5,0.5,100,100,0,9.98685e-08,0.5,1.37095e-09,-4.33101e-07,-2.33664e-07,4.49716e-05,0,0,0,0,0,0,1000,1000,1,100,100,0,,200000,1000,100000,100,0,0,0,
2.2525,0.01829,54.6747,-2,0.298593,-1.60053e-06,2.42791e-05,0.000311848,-0.0357956,0.000109899,0.00032798,-4.95244e-05,-0.000196668,0.00113563,-0.00407691,500,62.5,0.5,100,100,0,2,0.298605,-1.85977e-07,0.000769129,-0.000123132,0.0324698,-3.04011e-05,0.000340714,-1.12126e-06,-1.67522e-05,-0.000296048,0.00245231,500,62.5,0.5,100,100,0,9.98685e-08,0.5,1.37095e-09,-4.33101e-07,-2.33664e-07,4.49716e-05,0,0,0,0,0,0,1000,1000,1,100,100,0,,200000,1000,100000,100,0,0,0,
2.27144,0.01894,52.7983,-2,0.298593,-1.57132e-06,-1.63637e-05,0.000387221,-0.0358892,7.66823e-05,0.000317122,-4.86929e-05,-0.000277974,0.001191,-0.00413618,500,62.5,0.5,100,100,0,2,0.298606,-1.84224e-07,0.000764975,-0.000115228,0.0324494,-3.44662e-05,0.000352494,-1.8891e-06,-3.1117e-05,-0.000326914,0.00241864,500,62.5,0.5,100,100,0,9.98685e-08,0.5,1.37095e-09,-4.33101e-07,-2.33664e-07,4.49716e-05,0,0,0,0,0,0,1000,1000,1,100,100,0,,200000,1000,100000,100,0,0,0,
2.29021,0.018771,53.2737,-2,0.298593,-1.61226e-06,1.16686e-05,0.000309665,-0.0356827,6.63406e-05,0.000302401,-4.81526e-05,-0.000214543,0.00106476,-0.00392035,500,62.5,0.5,100,100,0,2,0.298606,-1.82377e-07,0.000760734,-9.50858e-05,0.032429,-4.50676e-05,0.000364218,-4.9143e-06,-1.97549e-05,-0.000241731,0.00240828,500,62.5,0.5,100,100,0,9.98685e-08,0.5,1.37095e-09,-4.33101e-07,-2.33664e-07,4.49716e-05,0,0,0,0,0,0,1000,1000,1,100,100,0,,200000,1000,100000,100,0,0,0,
2.30887,0.018661,53.5877,-2,0.298593,-1.5995e-06,1.6195e-06,0.000339766,-0.0359103,4.06227e-05,0.000304061,-5.06602e-05,-0.000250374,0.001114,-0.00435486,500,62.5,0.5,100,100,0,2,0.298606,-1.84732e-07,0.000765802,-0.000109116,0.0324729,-4.73435e-05,0.000363221,-4.54285e-06,-2.21777e-05,-0.000329688,0.00250199,500,62.5,0.5,100,100,0,9.98685e-08,0.5,1.37095e-09,-4.33101e-07,-2.33664e-07,4.49716e-05,0,0,0,0,0,0,1000,1000,1,100,100,0,,200000,1000,100000,100,0,0,0,
2.32962,0.020746,48.2021,-2,0.298593,-1.60767e-06,-1.04026e-05,0.000340599,-0.0358053,3.14484e-05,0.000303406,-4.89463e-05,-0.000223007,0.00110701,-0.00402608,500,62.5,0.5,100,100,0,2,0.298606,-1.73223e-07,0.000769232,-0.000141469,0.0324525,-5.25188e-05,0.000331986,-3.29907e-06,-1.02885e-06,-0.000345667,0.00241542,500,62.5,0.5,100,100,0,9.98685e-08,0.5,1.37095e-09,-4.33101e-07,-2.33664e-07,4.49716e-05,0,0,0,0,0,0,1000,1000,1,100,100,0,,200000,1000,100000,100,0,0,0,
2.3514,0.021785,45.9031,-1.99575,0.29859,-1.71633e-06,8.99166e-05,-3.83564e-05,-0.0314942,0.343994,0.000209157,-0.000134814,0.000410779,-0.00251213,0.00115039,500,62.5,0.5,100,100,0,1.99574,0.298603,-2.8946e-06,0.000739388,0.00438796,0.0263164,-0.348464,0.000292925,-0.000221313,-0.000567182,0.00369689,-0.00182496,500,62.5,0.5,100,100,0,9.98685e-08,0.5,1.37095e-09,-4.33101e-07,-2.33664e-07,4.49716e-05,0,0,0,0,0,0,1000,1000,1,100,100,0,,200000,1000,100000,100,0,0,0,
2.37025,0.018845,53.0645,-1.98568,0.298583,-2.42253e-06,0.0002456,-0.00162627,-0.0286326,0.812031,0.000265994,-0.0001062,0.000828283,-0.00346661,-0.000433143,500,62.5,0.5,100,100,0,1.98564,0.298601,-2.71123e-06,0.000540582,0.00613361,0.0247092,-0.819697,0.000737468,2.72333e-06,-0.00118568,-0.000716972,0.00533765,500,62.5,0.5,100,100,0,9.98685e-08,0.5,1.37095e-09,-4.33101e-07,-2.33664e-07,4.49716e-05,0,0,0,0,0,0,1000,1000,1,100,100,0,,200000,1000,100000,100,0,0,0,
2.38984,0.019591,51.0438,-1.97027,0.29858,-1.17814e-06,0.000263608,-0.00124636,-0.0325821,1.23901,0.000599574,0.000125593,0.000478025,0.000220317,-0.00956682,500,62.5,0.5,100,100,0,1.97018,0.298603,2.17522e-06,0.00055548,0.00161842,0.0306074,-1.24655,0.00121538,0.000349119,-0.000808088,-0.00912245,0.0149711,500,62.5,0.5,100,100,0,9.98685e-08,0.5,1.37095e-09,-4.33101e-07,-2.33664e-07,4.49716e-05,0,0,0,0,0,0,1000,1000,1,100,100,0,,200000,1000,100000,100,0,0,0,
2.40976,0.019918,50.2058,-1.95184,0.298579,1.25544e-06,0.000102753,0.000655971,-0.0380093,1.47874,0.000488312,0.000211803,-3.05794e-05,0.00369393,-0.0111577,500,62.5,0.5,100,100,0,1.95172,0.298602,5.84393e-06,0.000673674,-0.00236975,0.0354532,-1.48274,0.000735213,0.00020392,-0.000365802,-0.00710414,0.0113445,500,62.5,0.5,100,100,0,9.98685e-08,0.5,1.37095e-09,-4.33101e-07,-2.33664e-07,4.49716e-05,0,0,0,0,0,0,1000,1000,1,100,100,0,,200000,1000,100000,100,0,0,0,
2.43092,0.021162,47.2545,-1.93351,0.298574,2.01786e-06,1.90151e-06,0.00119004,-0.0381394,1.4672,0.000117912,6.23573e-05,-0.000280336,0.00293985,-0.00337977,500,62.5,0.5,100,100,0,1.93339,0.298595,4.31891e-06,0.000895265,-0.00181162,0.0338613,-1.46525,4.92111e-05,-0.000196193,0.000128427,0.000980615,-0.0010344,500,62.5,0.5,100,100,0,9.98685e-08,0.5,1.37095e-09,-4.33101e-07,-2.33664e-07,4.49716e-05,0,0,0,0,0,0,1000,1000,1,100,100,0,,200000,1000,100000,100,0,0,0,
2.45168,0.020762,48.1649,-1.91808,0.298572,1.16889e-06,-1.59634e-05,0.000215553,-0.0353073,1.23196,0.000367041,-5.90965e-05,-0.000345369,0.00149903,0.00119264,500,62.5,0.5,100,100,0,1.91803,0.29859,8.40503e-07,0.000869427,-0.000876958,0.0325849,-1.22379,6.20649e-05,-0.000251883,0.000185927,0.00266438,-0.00323591,500,62.5,0.5,100,100,0,9.98685e-08,0.5,1.37095e-09,-4.33101e-07,-2.33664e-07,4.49716e-05,0,0,0,0,0,0,1000,1000,1,100,100,0,,200000,1000,100000,100,0,0,0,
2.47003,0.018345,54.5108,-1.90719,0.298582,3.67846e-07,-0.000336266,-0.000106339,-0.0362767,0.865573,0.00111249,-6.36687e-05,-0.00106115,0.00252846,-0.0034714,500,62.5,0.5,100,100,0,1.90726,0.298594,-6.79827e-07,0.000662209,-0.00267662,0.0357617,-0.853717,0.00062781,-9.20827e-05,0.000280658,-0.00044796,0.00163487,500,62.5,0.5,100,100,0,9.98685e-08,0.5,1.37095e-09,-4.33101e-07,-2.33664e-07,4.49716e-05,0,0,0,0,0,0,1000,1000,1,100,100,0,,200000,1000,100000,100,0,0,0,
2.48898,0.018948,52.776,-1.90082,0.298598,4.47701e-07,-0.00038645,0.000723294,-0.0386684,0.505168,0.00136997,-5.20524e-05,-0.000636909,0.00368039,-0.00539703,500,62.5,0.5,100,100,0,1.90098,0.2986,-2.44844e-06,0.000742356,-0.00324929,0.0365239,-0.493991,0.000717509,-0.000118339,0.000752697,0.00103394,-0.0013532,500,62.5,0.5,100,100,0,9.98685e-08,0.5,1.37095e-09,-4.33101e-07,-2.33664e-07,4.49716e-05,0,0,0,0,0,0,1000,1000,1,100,100,0,,200000,1000,100000,100,0,0,0,
2.5076,0.01862,53.7057,-1.89729,0.298606,-2.49528e-07,-1.96272e-05,0.00084351,-0.0357828,0.278953,0.000996495,-0.000148466,0.000227774,0.00172515,0.00136304,500,62.5,0.5,100,100,0,1.89752,0.298604,-5.57808e-06,0.00111403,3.87446e-05,0.0312889,-0.272767,0.000562352,-0.000215598,0.000926174,0.00552038,-0.0078435,500,62.5,0.5,100,100,0,9.98685e-08,0.5,1.37095e-09,-4.33101e-07,-2.33664e-07,4.49716e-05,0,0,0,0,0,0,1000,1000,1,100,100,0,,200000,1000,100000,100,0,0,0,
2.52881,0.021212,47.1431,-1.89412,0.298609,-2.04953e-06,2.62664e-05,-0.000174441,-0.0309419,0.253848,0.000624504,-0.00023002,9.00802e-06,-0.0010347,0.00375345,500,62.5,0.5,100,100,0,1.89433,0.298608,-6.08798e-06,0.000859446,0.00292494,0.0275039,-0.255549,0.000809753,1.69745e-06,-0.000306376,0.00369843,-0.00360721,500,62.5,0.5,100,100,0,9.98685e-08,0.5,1.37095e-09,-4.33101e-07,-2.33664e-07,4.49716e-05,0,0,0,0,0,0,1000,1000,1,100,100,0,,200000,1000,100000,100,0,0,0,
2.54974,0.020932,47.7737,-1.889,0.29861,-2.9438e-06,0.000193723,-0.000813111,-0.0323517,0.412654,0.000460887,-0.000142817,0.00028776,-0.00130658,-0.00525049,500,62.5,0.5,100,100,0,1.88911,0.298616,-2.009e-06,0.000466233,0.00195617,0.0297344,-0.421755,0.00117609,0.000344353,-0.000824391,-0.00278602,0.00668442,500,62.5,0.5,100,100,0,9.98685e-08,0.5,1.37095e-09,-4.33101e-07,-2.33664e-07,4.49716e-05,0,0,0,0,0,0,1000,1000,1,100,100,0,,200000,1000,100000,100,0,0,0,
2.56855,0.018811,53.1604,-1.88041,0.298602,-2.46186e-06,0.000317911,-0.000549069,-0.0348795,0.691358,-3.93092e-05,3.43711e-06,0.000409781,-0.000122262,-0.00720001,500,62.5,0.5,100,100,0,1.88038,0.298617,2.63229e-06,0.000500235,0.000903041,0.0313174,-0.705398,0.000810338,0.000338635,-0.000477372,-0.00353713,0.00731272,500,62.5,0.5,100,100,0,9.98685e-08,0.5,1.37095e-09,-4.33101e-07,-2.33664e-07,4.49716e-05,0,0,0,0,0,0,1000,1000,1,100,100,0,,200000,1000,100000,100,0,0,0,
2.58824,0.019692,50.782,-1.86814,0.298584,-1.21454e-06,0.000130741,5.84887e-05,-0.033666,0.985636,-0.000699315,7.6701e-05,-2.91518e-05,0.000739668,-0.00226804,500,62.5,0.5,100,100,0,1.86797,0.298608,4.64269e-06,0.000845001,0.00197429,0.0295355,-0.999316,0.000198601,0.000108336,-8.54722e-05,-0.000435021,0.00279903,500,62.5,0.5,100,100,0,9.98685e-08,0.5,1.37095e-09,-4.33101e-07,-2.33664e-07,4.49716e-05,0,0,0,0,0,0,1000,1000,1,100,100,0,,200000,1000,100000,100,0,0,0,
2.60785,0.019602,51.0152,-1.85329,0.298566,-2.57993e-07,-2.79365e-05,-5.11517e-05,-0.0331161,1.19052,-0.000743797,7.31803e-05,-6.86345e-05,0.00047799,-0.00297606,500,62.5,0.5,100,100,0,1.85304,0.298597,5.51307e-06,0.00078617,0.00187765,0.0300541,-1.19894,-6.30805e-05,4.65885e-05,-0.00056968,-0.00143362,0.00470937,500,62.5,0.5,100,100,0,9.98685e-08,0.5,1.37095e-09,-4.33101e-07,-2.33664e-07,4.49716e-05,0,0,0,0,0,0,1000,1000,1,100,100,0,,200000,1000,100000,100,0,0,0,
2.62768,0.019836,50.4134,-1.83776,0.298556,4.61578e-07,0.000100957,-0.000222668,-0.0365617,1.24431,-0.000193773,7.08843e-05,0.000119101,0.00126905,-0.00804729,500,62.5,0.5,100,100,0,1.83751,0.298589,6.24595e-06,0.000553978,-0.00112918,0.0338912,-1.24411,1.5738e-05,3.5462e-05,-0.000558074,-0.00459452,0.00737541,500,62.5,0.5,100,100,0,9.98685e-08,0.5,1.37095e-09,-4.33101e-07,-2.33664e-07,4.49716e-05,0,0,0,0,0,0,1000,1000,1,100,100,0,,200000,1000,100000,100,0,0,0,
2.64968,0.022001,45.4525,-1.82347,0.298555,1.23837e-06,0.000289796,0.000303573,-0.0390577,1.14206,0.000446116,7.419e-05,3.05612e-05,0.0028555,-0.00618742,500,62.5,0.5,100,100,0,1.82331,0.298583,4.15768e-06,0.000799274,-0.00315567,0.0357604,-1.1333,6.46177e-05,-0.000198384,0.000445619,-0.00227893,0.00256784,500,62.5,0.5,100,100,0,9.98685e-08,0.5,1.37095e-09,-4.33101e-07,-2.33664e-07,4.49716e-05,0,0,0,0,0,0,1000,1000,1,100,100,0,,200000,1000,100000,100,0,0,0,
2.66977,0.020088,49.781,-1.81176,0.298565,1.62396e-06,-0.000248333,0.000968559,-0.0361835,0.934145,0.00125235,3.6291e-06,-0.00116895,0.00324105,0.00127799,500,62.5,0.5,100,100,0,1.81176,0.298583,-1.57661e-06,0.00103864,-0.00156593,0.0334854,-0.919572,0.000457125,-0.000468154,0.000622804,0.00332057,-0.00390316,500,62.5,0.5,100,100,0,9.98685e-08,0.5,1.37095e-09,-4.33101e-07,-2.33664e-07,4.49716e-05,0,0,0,0,0,0,1000,1000,1,100,100,0,,200000,1000,100000,100,0,0,0,
2.68833,0.018558,53.8851,-1.80304,0.298586,5.61735e-07,-0.00058303,0.000518443,-0.0339904,0.694623,0.00196082,-0.000132974,-0.000818491,0.00146493,0.000620595,500,62.5,0.5,100,100,0,1.8032,0.298592,-6.44782e-06,0.000782915,9.2261e-05,0.0321794,-0.679456,0.00102807,-0.000355417,-4.4076e-05,0.00351068,-0.00293433,500,62.5,0.5,100,100,0,9.98685e-08,0.5,1.37095e-09,-4.33101e-07,-2.33664e-07,4.49716e-05,0,0,0,0,0,0,1000,1000,1,100,100,0,,200000,1000,100000,100,0,0,0,
2.70726,0.01893,52.8262,-1.7966,0.29861,-1.0066e-06,-0.000101447,-0.000174052,-0.0355022,0.512212,0.00224498,-0.000175396,0.000492722,0.000568674,-0.00454914,500,62.5,0.5,100,100,0,1.79688,0.298606,-6.97312e-06,0.000657854,-0.000571821,0.0329385,-0.502062,0.00142413,-3.07387e-06,0.000126796,-0.000226295,0.000756398,500,62.5,0.5,100,100,0,9.98685e-08,0.5,1.37095e-09,-4.33101e-07,-2.33664e-07,4.49716e-05,0,0,0,0,0,0,1000,1000,1,100,100,0,,200000,1000,100000,100,0,0,0,
2.72906,0.021805,45.861,-1.79103,0.298626,-1.73383e-06,0.000207829,-1.53807e-05,-0.0356592,0.445255,0.00163208,-0.000121326,0.000331232,0.00117871,-0.00292691,500,62.5,0.5,100,100,0,1.79132,0.298617,-5.08735e-06,0.000924135,-0.00074755,0.0321438,-0.443959,0.00129931,0.000156216,0.000538615,-0.000275435,6.53133e-05,500,62.5,0.5,100,100,0,9.98685e-08,0.5,1.37095e-09,-4.33101e-07,-2.33664e-07,4.49716e-05,0,0,0,0,0,0,1000,1000,1,100,100,0,,200000,1000,100000,100,0,0,0,
2.7515,0.022442,44.5593,-1.78476,0.298629,-1.55834e-06,-6.46838e-05,0.000383824,-0.0326875,0.502481,0.00065191,-5.32021e-05,-0.000417216,0.000824652,0.00111556,500,62.5,0.5,100,100,0,1.78497,0.298624,-2.89972e-06,0.000900812,0.00124827,0.0294555,-0.510085,0.00103137,0.00017055,-0.00013405,0.00210157,-0.00124482,500,62.5,0.5,100,100,0,9.98685e-08,0.5,1.37095e-09,-4.33101e-07,-2.33664e-07,4.49716e-05,0,0,0,0,0,0,1000,1000,1,100,100,0,,200000,1000,100000,100,0,0,0,
2.77122,0.019714,50.7254,-1.77659,0.298618,-1.67127e-06,0.000278917,-0.000159939,-0.0321064,0.656364,-0.000401466,-6.69414e-05,0.00055068,-0.000876024,-0.00258857,500,62.5,0.5,100,100,0,1.77663,0.298624,2.3029e-07,0.000436582,0.00257327,0.0288227,-0.670461,0.000604008,0.00026163,-0.00102234,0.00062796,0.00263258,500,62.5,0.5,100,100,0,9.98685e-08,0.5,1.37095e-09,-4.33101e-07,-2.33664e-07,4.49716e-05,0,0,0,0,0,0,1000,1000,1,100,100,0,,200000,1000,100000,100,0,0,0,
2.79803,0.02681,37.2995,-1.76601,0.298596,-1.63569e-06,0.000239529,-0.000794043,-0.0344557,0.849147,-0.00105545,-1.05459e-05,1.3952e-05,-0.000755246,-0.00688337,500,62.5,0.5,100,100,0,1.76588,0.298615,4.59541e-06,0.000494933,0.0014228,0.0311555,-0.864698,0.000138894,0.00035084,-0.000253681,-0.00311116,0.00712196,500,62.5,0.5,100,100,0,9.98685e-08,0.5,1.37095e-09,-4.33101e-07,-2.33664e-07,4.49716e-05,0,0,0,0,0,0,1000,1000,1,100,100,0,,200000,1000,100000,100,0,0,0,
2.81822,0.020196,49.5148,-1.75342,0.298569,-5.46237e-07,1.69209e-05,-0.000311717,-0.0361778,1.00957,-0.00151616,8.42892e-05,-0.000279745,0.00130026,-0.0059428,500,62.5,0.5,100,100,0,1.75316,0.2986,7.44593e-06,0.000973794,-0.000407903,0.0327191,-1.02123,-0.000460467,0.00018858,0.000363085,-0.00367718,0.00571684,500,62.5,0.5,100,100,0,9.98685e-08,0.5,1.37095e-09,-4.33101e-07,-2.33664e-07,4.49716e-05,0,0,0,0,0,0,1000,1000,1,100,100,0,,200000,1000,100000,100,0,0,0,
2.84118,0.022956,43.5616,-1.73989,0.298546,7.2158e-07,1.85241e-05,0.000598954,-0.035679,1.08401,-0.00128751,8.38688e-05,-2.88005e-05,0.00246358,-0.00263768,500,62.5,0.5,100,100,0,1.73959,0.298583,6.36226e-06,0.000956557,-0.000409977,0.0321857,-1.0872,-0.000694621,-0.000130725,-0.000302957,-0.000504698,0.00162571,500,62.5,0.5,100,100,0,9.98685e-08,0.5,1.37095e-09,-4.33101e-07,-2.33664e-07,4.49716e-05,0,0,0,0,0,0,1000,1000,1,100,100,0,,200000,1000,100000,100,0,0,0,
2.86235,0.021165,47.2478,-1.72666,0.298536,8.27007e-07,0.000176553,0.000456994,-0.0355391,1.05813,-0.000200339,-3.75905e-06,8.04315e-05,0.00131151,-0.00277322,500,62.5,0.5,100,100,0,1.72643,0.298572,2.84553e-06,0.000544387,-6.64295e-05,0.0322222,-1.05219,-0.000243517,-0.000282961,-0.000667733,0.000592215,0.000850017,500,62.5,0.5,100,100,0,9.98685e-08,0.5,1.37095e-09,-4.33101e-07,-2.33664e-07,4.49716e-05,0,0,0,0,0,0,1000,1000,1,100,100,0,,200000,1000,100000,100,0,0,0,
2.89191,0.029564,33.8249,-1.71484,0.298546,5.11828e-07,0.000139846,3.50253e-07,-0.0363079,0.944075,0.00135653,-3.35771e-05,-0.000354979,0.00121164,-0.00400346,500,62.5,0.5,100,100,0,1.71476,0.298574,-4.20234e-07,0.000305345,-0.00108034,0.0337356,-0.931057,0.000682462,-0.000248291,-0.000124988,-0.000939499,0.00217278,500,62.5,0.5,100,100,0,9.98685e-08,0.5,1.37095e-09,-4.33101e-07,-2.33664e-07,4.49716e-05,0,0,0,0,0,0,1000,1000,1,100,100,0,,200000,1000,100000,100,0,0,0,
2.91189,0.019976,50.0601,-1.70491,0.298574,4.31835e-07,-0.000466261,0.000199139,-0.0365017,0.79277,0.00255558,-3.28068e-05,-0.00114411,0.00209612,-0.00278228,500,62.5,0.5,100,100,0,1.705,0.298587,-3.39265e-06,0.00103385,-0.00185486,0.0341847,-0.77713,0.00142645,-0.000242411,0.00135052,-0.000403235,0.000555477,500,62.5,0.5,100,100,0,9.98685e-08,0.5,1.37095e-09,-4.33101e-07,-2.33664e-07,4.49716e-05,0,0,0,0,0,0,1000,1000,1,100,100,0,,200000,1000,100000,100,0,0,0,
2.93379,0.021901,45.66,-1.69673,0.298605,2.97958e-07,-0.00044142,0.000603067,-0.0351939,0.652519,0.00280935,-6.53477e-05,-8.69194e-05,0.00217346,-0.000778739,500,62.5,0.5,100,100,0,1.69697,0.298604,-6.20613e-06,0.00134361,-0.000687407,0.0322608,-0.640202,0.00169771,-0.000217699,0.000555857,0.00220502,-0.00238576,500,62.5,0.5,100,100,0,9.98685e-08,0.5,1.37095e-09,-4.33101e-07,-2.33664e-07,4.49716e-05,0,0,0,0,0,0,1000,1000,1,100,100,0,,200000,1000,100000,100,0,0,0,
